,metrics,basic LR,polynomial LR,polynomial LR (reg)
0,r2,0.8025822460338674,-162896812959.02768,0.8965518566241315
1,MSE,0.19723046220667606,162742271485.9393,0.10335000131723321
2,MAE,0.34108448604937336,3232.6171732011394,0.23694678158238705
