,metrics,basic LR,polynomial LR
0,r2,0.8037980577059984,0.8940706984090487
1,MSE,0.19561662320241377,0.1056132881924354
2,MAE,0.33920191831239915,0.23853398634565634
