,metrics,basic LR,polynomial LR,polynomial LR (reg)
0,r2,0.8427015624847186,-2791579945.6576514,0.9083611203535354
1,MSE,0.15559955958781432,2761429910.6557,0.09064914781957298
2,MAE,0.3016980971175514,484.94147605105815,0.2197442175637157
